,,,,,,
,Url,Anchor Text,External,,,
,https://answers.justia.com/,,FALSE,,,
,https://accounts.justia.com/signin?destination=https%3A%2F%2Fanswers.justia.com%2Flawyer%2F1289755%2Fquestions%2Fanswered,Log In,TRUE,,,
,https://accounts.justia.com/,Sign Up,TRUE,,,
,https://www.justia.com/lawyers,Find a Lawyer,TRUE,,,
,https://answers.justia.com/,Ask a Lawyer,FALSE,,,
,https://www.justia.com/,Research the Law,TRUE,,,
,https://www.justia.com/law-schools/,Law Schools,TRUE,,,
,https://law.justia.com/,Laws & Regs,TRUE,,,
,https://connect.justia.com/case-law-summary-newsletters,Newsletters,TRUE,,,
,https://www.justia.com/marketing/,Marketing Solutions,TRUE,,,
,https://www.justia.com/marketing/connect/,Justia Connect,TRUE,,,
,https://www.justia.com/marketing/connect/#pro-membership,Pro Membership,TRUE,,,
,https://www.justia.com/marketing/connect/#basic-membership,Basic Membership,TRUE,,,
,https://www.justia.com/marketing/lawyer-directory/,Justia Lawyer Directory,TRUE,,,
,https://www.justia.com/marketing/lawyer-directory/platinum/,Platinum Placements,TRUE,,,
,https://www.justia.com/marketing/lawyer-directory/gold/,Gold Placements,TRUE,,,
,https://www.justia.com/marketing/elevate/,Justia Elevate,TRUE,,,
,https://www.justia.com/marketing/elevate/search-engine-optimization/,SEO,TRUE,,,
,https://www.justia.com/marketing/elevate/law-firm-websites/,Websites,TRUE,,,
,https://www.justia.com/marketing/elevate/law-blogs/,Blogs,TRUE,,,
,https://www.justia.com/marketing/amplify/,Justia Amplify,TRUE,,,
,https://www.justia.com/marketing/amplify/cpc-ppc/,PPC Management,TRUE,,,
,https://www.justia.com/marketing/amplify/google-business-profile/,Google Business Profile,TRUE,,,
,https://www.justia.com/marketing/amplify/social-media-networking/,Social Media,TRUE,,,
,https://onward.justia.com/,Justia Onward Blog,TRUE,,,
,https://www.justia.com/,Justia,TRUE,,,
,https://answers.justia.com/,Ask a Lawyer,FALSE,,,
,https://accounts.justia.com/signin?destination=https%3A%2F%2Fanswers.justia.com%2Flawyer%2F1289755%2Fquestions%2Fanswered,Log In,TRUE,,,
,https://answers.justia.com/questions/answered/real-estate-law,Real Estate Law,FALSE,,,
,https://answers.justia.com/questions/answered/new-york,New York,FALSE,,,
,https://answers.justia.com/question/2023/10/20/i-live-in-ny-state-i-have-a-question-reg-984781,I live in NY State. I have a question regarding the legality of a letter/document.,FALSE,,,
,https://answers.justia.com/question/2023/10/20/i-live-in-ny-state-i-have-a-question-reg-984781,View More,FALSE,,,
,https://lawyers.justia.com/lawyer/anthony-armando-nozzolillo-1289755,,TRUE,,,
,https://lawyers.justia.com/lawyer/anthony-armando-nozzolillo-1289755,Anthony Armando Nozzolillo,TRUE,,,
,https://connect.justia.com/pro?utm_medium=web&utm_source=answers&utm_campaign=connect-pro&utm_content=connect-pro-tooltip,Learn more ›,TRUE,,,
,https://answers.justia.com/question/2023/10/20/i-live-in-ny-state-i-have-a-question-reg-984781,View More,FALSE,,,
,https://answers.justia.com/question/2023/10/20/i-live-in-ny-state-i-have-a-question-reg-984781,View More Answers,FALSE,,,
,https://answers.justia.com/questions/answered/real-estate-law,Real Estate Law,FALSE,,,
,https://answers.justia.com/questions/answered/landlord-tenant,Landlord - Tenant,FALSE,,,
,https://answers.justia.com/questions/answered/new-york,New York,FALSE,,,
,https://answers.justia.com/question/2023/01/18/i-can-t-get-my-squatter-brother-out-of-t-942901,"I can’t get my squatter brother out of the house that I have the right to sell, I have an eviction lawyer, on case three",FALSE,,,
,https://lawyers.justia.com/lawyer/anthony-armando-nozzolillo-1289755,,TRUE,,,
,https://lawyers.justia.com/lawyer/anthony-armando-nozzolillo-1289755,Anthony Armando Nozzolillo,TRUE,,,
,https://connect.justia.com/pro?utm_medium=web&utm_source=answers&utm_campaign=connect-pro&utm_content=connect-pro-tooltip,Learn more ›,TRUE,,,
,https://answers.justia.com/question/2023/01/18/i-can-t-get-my-squatter-brother-out-of-t-942901,View More,FALSE,,,
,https://answers.justia.com/question/2023/01/18/i-can-t-get-my-squatter-brother-out-of-t-942901,View More Answers,FALSE,,,
,https://answers.justia.com/questions/answered/real-estate-law,Real Estate Law,FALSE,,,
,https://answers.justia.com/questions/answered/landlord-tenant,Landlord - Tenant,FALSE,,,
,https://answers.justia.com/questions/answered/new-york,New York,FALSE,,,
,https://answers.justia.com/question/2023/07/16/i-m-renting-an-apartment-in-long-island-971113,I'm renting an apartment in Long Island. Lease legal Question,FALSE,,,
,https://lawyers.justia.com/lawyer/anthony-armando-nozzolillo-1289755,,TRUE,,,
,https://lawyers.justia.com/lawyer/anthony-armando-nozzolillo-1289755,Anthony Armando Nozzolillo,TRUE,,,
,https://connect.justia.com/pro?utm_medium=web&utm_source=answers&utm_campaign=connect-pro&utm_content=connect-pro-tooltip,Learn more ›,TRUE,,,
,https://answers.justia.com/question/2023/07/16/i-m-renting-an-apartment-in-long-island-971113,View More Answers,FALSE,,,
,https://answers.justia.com/questions/answered/real-estate-law,Real Estate Law,FALSE,,,
,https://answers.justia.com/questions/answered/new-york,New York,FALSE,,,
,https://answers.justia.com/question/2022/08/02/does-an-item-in-an-offering-plan-remain-916228,"Does an item in an Offering plan remain in effect forever? Can it be changed or eliminated? If so, how is this done?",FALSE,,,
,https://answers.justia.com/question/2022/08/02/does-an-item-in-an-offering-plan-remain-916228,View More,FALSE,,,
,https://lawyers.justia.com/lawyer/anthony-armando-nozzolillo-1289755,,TRUE,,,
,https://lawyers.justia.com/lawyer/anthony-armando-nozzolillo-1289755,Anthony Armando Nozzolillo,TRUE,,,
,https://connect.justia.com/pro?utm_medium=web&utm_source=answers&utm_campaign=connect-pro&utm_content=connect-pro-tooltip,Learn more ›,TRUE,,,
,https://answers.justia.com/questions/answered/real-estate-law,Real Estate Law,FALSE,,,
,https://answers.justia.com/questions/answered/new-york,New York,FALSE,,,
,https://answers.justia.com/question/2021/10/22/is-it-legal-for-a-landlord-who-is-a-real-868693,Is it legal for a landlord (who is a real estate agent) to request a brokers fee for their own property?,FALSE,,,
,https://answers.justia.com/question/2021/10/22/is-it-legal-for-a-landlord-who-is-a-real-868693,View More,FALSE,,,
,https://lawyers.justia.com/lawyer/anthony-armando-nozzolillo-1289755,,TRUE,,,
,https://lawyers.justia.com/lawyer/anthony-armando-nozzolillo-1289755,Anthony Armando Nozzolillo,TRUE,,,
,https://connect.justia.com/pro?utm_medium=web&utm_source=answers&utm_campaign=connect-pro&utm_content=connect-pro-tooltip,Learn more ›,TRUE,,,
,https://answers.justia.com/question/2021/10/22/is-it-legal-for-a-landlord-who-is-a-real-868693,View More,FALSE,,,
,https://answers.justia.com/questions/answered/real-estate-law,Real Estate Law,FALSE,,,
,https://answers.justia.com/questions/answered/new-york,New York,FALSE,,,
,https://answers.justia.com/question/2021/04/02/who-pay-for-agent-mistakes-835244,who pay for agent mistakes?,FALSE,,,
,https://answers.justia.com/question/2021/04/02/who-pay-for-agent-mistakes-835244,View More,FALSE,,,
,https://lawyers.justia.com/lawyer/anthony-armando-nozzolillo-1289755,,TRUE,,,
,https://lawyers.justia.com/lawyer/anthony-armando-nozzolillo-1289755,Anthony Armando Nozzolillo,TRUE,,,
,https://connect.justia.com/pro?utm_medium=web&utm_source=answers&utm_campaign=connect-pro&utm_content=connect-pro-tooltip,Learn more ›,TRUE,,,
,https://answers.justia.com/question/2021/04/02/who-pay-for-agent-mistakes-835244,View More Answers,FALSE,,,
,https://answers.justia.com/questions/answered/contracts,Contracts,FALSE,,,
,https://answers.justia.com/questions/answered/real-estate-law,Real Estate Law,FALSE,,,
,https://answers.justia.com/questions/answered/new-york,New York,FALSE,,,
,https://answers.justia.com/question/2021/03/25/i-want-to-cancel-my-attorney-and-real-es-833803,I want to cancel my attorney and real estate deal prior to a contract signing.,FALSE,,,
,https://lawyers.justia.com/lawyer/anthony-armando-nozzolillo-1289755,,TRUE,,,
,https://lawyers.justia.com/lawyer/anthony-armando-nozzolillo-1289755,Anthony Armando Nozzolillo,TRUE,,,
,https://connect.justia.com/pro?utm_medium=web&utm_source=answers&utm_campaign=connect-pro&utm_content=connect-pro-tooltip,Learn more ›,TRUE,,,
,https://answers.justia.com/question/2021/03/25/i-want-to-cancel-my-attorney-and-real-es-833803,View More Answers,FALSE,,,
,https://answers.justia.com/questions/answered/real-estate-law,Real Estate Law,FALSE,,,
,https://answers.justia.com/questions/answered/new-york,New York,FALSE,,,
,https://answers.justia.com/question/2021/03/14/can-i-sue-a-management-company-for-wrong-827808,Can I sue a management company for wrongful charges after the sale of a coop apartment in NYC?,FALSE,,,
,https://answers.justia.com/question/2021/03/14/can-i-sue-a-management-company-for-wrong-827808,View More,FALSE,,,
,https://lawyers.justia.com/lawyer/anthony-armando-nozzolillo-1289755,,TRUE,,,
,https://lawyers.justia.com/lawyer/anthony-armando-nozzolillo-1289755,Anthony Armando Nozzolillo,TRUE,,,
,https://connect.justia.com/pro?utm_medium=web&utm_source=answers&utm_campaign=connect-pro&utm_content=connect-pro-tooltip,Learn more ›,TRUE,,,
,https://answers.justia.com/questions/answered/land-use-and-zoning,Land Use & Zoning,FALSE,,,
,https://answers.justia.com/questions/answered/real-estate-law,Real Estate Law,FALSE,,,
,https://answers.justia.com/questions/answered/new-york,New York,FALSE,,,
,https://answers.justia.com/question/2021/03/13/hi-my-grandmother-is-the-only-survivor-o-827622,Hi my grandmother is the only survivor of her siblings and parents. How can we find out how much land pertains to her?,FALSE,,,
,https://answers.justia.com/question/2021/03/13/hi-my-grandmother-is-the-only-survivor-o-827622,View More,FALSE,,,
,https://lawyers.justia.com/lawyer/anthony-armando-nozzolillo-1289755,,TRUE,,,
,https://lawyers.justia.com/lawyer/anthony-armando-nozzolillo-1289755,Anthony Armando Nozzolillo,TRUE,,,
,https://connect.justia.com/pro?utm_medium=web&utm_source=answers&utm_campaign=connect-pro&utm_content=connect-pro-tooltip,Learn more ›,TRUE,,,
,https://answers.justia.com/question/2021/03/13/hi-my-grandmother-is-the-only-survivor-o-827622,View More,FALSE,,,
,https://answers.justia.com/questions/answered/real-estate-law,Real Estate Law,FALSE,,,
,https://answers.justia.com/questions/answered/new-york,New York,FALSE,,,
,https://answers.justia.com/question/2021/03/11/what-happens-in-a-seller-stays-past-the-827221,What happens in a seller stays past the date they were supposed to leave?,FALSE,,,
,https://lawyers.justia.com/lawyer/anthony-armando-nozzolillo-1289755,,TRUE,,,
,https://lawyers.justia.com/lawyer/anthony-armando-nozzolillo-1289755,Anthony Armando Nozzolillo,TRUE,,,
,https://connect.justia.com/pro?utm_medium=web&utm_source=answers&utm_campaign=connect-pro&utm_content=connect-pro-tooltip,Learn more ›,TRUE,,,
,https://answers.justia.com/question/2021/03/11/what-happens-in-a-seller-stays-past-the-827221,View More,FALSE,,,
,https://accounts.justia.com/signin?destination=https%3A%2F%2Fanswers.justia.com%2Flawyer%2F1289755%2Fquestions%2Fanswered,Log In,TRUE,,,
,https://accounts.justia.com/signin?destination=https%3A%2F%2Fanswers.justia.com%2Flawyer%2F1289755%2Fquestions%2Fanswered,Log In,TRUE,,,
,https://connect.justia.com/webinars/build-your-all-star-team-with-inclusive-interviewing?utm_source=answers&utm_medium=web&utm_campaign=webinar-banner-v2&utm_content=build-your-all-star-team-with-inclusive-interviewing-v1,,TRUE,,,
,https://connect.justia.com/webinars/driving-your-success-essential-habits-for-law-firm-associates-in-the-post-pandemic-landscape?utm_source=answers&utm_medium=web&utm_campaign=webinar-banner-v2&utm_content=driving-your-success-essential-habits-for-law-firm-associates-in-the-post-pandemic-landscape-v1,,TRUE,,,
,https://connect.justia.com/webinars/navigating-mitigating-ethical-conflicts-in-estate-administration-planning?utm_source=answers&utm_medium=web&utm_campaign=webinar-banner-v2&utm_content=navigating-mitigating-ethical-conflicts-in-estate-administration-planning-v1,,TRUE,,,
,https://answers.justia.com/about-legal-answers,About Ask a Lawyer,FALSE,,,
,https://answers.justia.com/about-legal-answers#faq-cons,Consumers,FALSE,,,
,https://answers.justia.com/about-legal-answers#faq-atty,Lawyers,FALSE,,,
,https://answers.justia.com/lawyer/1289755/questions/answered#,Add details,FALSE,,,
,https://lawyers.justia.com/lawyer/james-l.-arrasmith-1668636,James L. Arrasmith,TRUE,,,
,https://connect.justia.com/pro?utm_medium=web&utm_source=answers&utm_campaign=connect-pro&utm_content=connect-pro-tooltip,Learn more ›,TRUE,,,
,https://lawyers.justia.com/lawyer/james-l.-arrasmith-1668636,,TRUE,,,
,https://answers.justia.com/lawyer/1668636/questions/answered,"743
Answers",FALSE,,,
,https://lawyers.justia.com/lawyer/t.-augustus-claus-1664706,T. Augustus Claus,TRUE,,,
,https://connect.justia.com/pro?utm_medium=web&utm_source=answers&utm_campaign=connect-pro&utm_content=connect-pro-tooltip,Learn more ›,TRUE,,,
,https://lawyers.justia.com/lawyer/t.-augustus-claus-1664706,,TRUE,,,
,https://answers.justia.com/lawyer/1664706/questions/answered,"405
Answers",FALSE,,,
,https://lawyers.justia.com/lawyer/tim-akpinar-1223027,Tim Akpinar,TRUE,,,
,https://lawyers.justia.com/lawyer/tim-akpinar-1223027,,TRUE,,,
,https://answers.justia.com/lawyer/1223027/questions/answered,"169
Answers",FALSE,,,
,https://lawyers.justia.com/lawyer/anthony-m.-avery-1504903,Anthony M. Avery,TRUE,,,
,https://connect.justia.com/pro?utm_medium=web&utm_source=answers&utm_campaign=connect-pro&utm_content=connect-pro-tooltip,Learn more ›,TRUE,,,
,https://lawyers.justia.com/lawyer/anthony-m.-avery-1504903,,TRUE,,,
,https://answers.justia.com/lawyer/1504903/questions/answered,"104
Answers",FALSE,,,
,https://lawyers.justia.com/lawyer/john-michael-frick-320846,John Michael Frick,TRUE,,,
,https://lawyers.justia.com/lawyer/john-michael-frick-320846,,TRUE,,,
,https://answers.justia.com/lawyer/320846/questions/answered,"92
Answers",FALSE,,,
,https://answers.justia.com/top/month,View more,FALSE,,,
,https://www.justia.com/lawyers,Find a Lawyer,TRUE,,,
,https://lawyers.justia.com/lawyer-directory-listings,Lawyers - Get Listed Now!,TRUE,,,
,https://www.justia.com/marketing/lawyer-directory/?utm_medium=web&utm_campaign=find-a-lawyer-widget&utm_content=sponsored-listings-title&utm_source=answers,Sponsored Listings,TRUE,,,
,https://lawyers.justia.com/lawyer/james-l-riotto-1491108,James L. Riotto,TRUE,,,
,https://lawyers.justia.com/lawyer/james-l-riotto-1491108,,TRUE,,,
,http://www.riottolaw.com/,Website,TRUE,,,
,https://lawyers.justia.com/lawyer/james-l-riotto-1491108/contact,Email,TRUE,,,
,https://lawyers.justia.com/lawyer/james-l-riotto-1491108/contact,Email,TRUE,,,
,https://lawyers.justia.com/lawyer/james-l-riotto-1491108,Profile,TRUE,,,
,https://www.justia.com/lawyers,Find a Lawyer,TRUE,,,
,https://www.justia.com/lawyers/bankruptcy,Bankruptcy Lawyers,TRUE,,,
,https://www.justia.com/lawyers/business-law,Business Lawyers,TRUE,,,
,https://www.justia.com/lawyers/criminal-law,Criminal Lawyers,TRUE,,,
,https://www.justia.com/lawyers/employment-law,Employment Lawyers,TRUE,,,
,https://www.justia.com/lawyers/estate-planning,Estate Planning Lawyers,TRUE,,,
,https://www.justia.com/lawyers/family-law,Family Lawyers,TRUE,,,
,https://www.justia.com/lawyers/personal-injury,Personal Injury Lawyers,TRUE,,,
,https://www.justia.com/lawyers,More...,TRUE,,,
,https://www.justia.com/individuals/,Individuals,TRUE,,,
,https://www.justia.com/bankruptcy/,Bankruptcy,TRUE,,,
,https://www.justia.com/criminal/,Criminal,TRUE,,,
,https://www.justia.com/family/divorce/,Divorce,TRUE,,,
,https://www.justia.com/criminal/drunk-driving-dui-dwi/,DUI,TRUE,,,
,https://www.justia.com/estate-planning/,Estate Planning,TRUE,,,
,https://www.justia.com/family/,Family Law,TRUE,,,
,https://www.justia.com/injury/,Personal Injury,TRUE,,,
,https://www.justia.com/individuals/,More...,TRUE,,,
,https://www.justia.com/business/,Business,TRUE,,,
,https://www.justia.com/business-operations/starting-your-own-business/,Business Formation,TRUE,,,
,https://www.justia.com/business-operations/,Business Operations,TRUE,,,
,https://www.justia.com/employment/,Employment,TRUE,,,
,https://www.justia.com/intellectual-property/,Intellectual Property,TRUE,,,
,https://www.justia.com/international-law/international-trade-law/,International Trade,TRUE,,,
,https://www.justia.com/real-estate/,Real Estate,TRUE,,,
,https://www.justia.com/tax/,Tax Law,TRUE,,,
,https://www.justia.com/business/,More...,TRUE,,,
,https://www.justia.com/law-students/,Law Students,TRUE,,,
,https://www.justia.com/law-schools/,Law Schools,TRUE,,,
,https://www.justia.com/law-students/,Admissions,TRUE,,,
,https://www.justia.com/law-students/,Financial Aid,TRUE,,,
,https://www.justia.com/law-schools/outlines/,Course Outlines,TRUE,,,
,https://www.justia.com/law-schools/,Law Journals,TRUE,,,
,https://blawgsearch.justia.com/blogs/categories/law-student,Blogs,TRUE,,,
,https://www.justia.com/law-students/,Employment,TRUE,,,
,https://www.justia.com/law-students/,More...,TRUE,,,
,https://law.justia.com/us/,US Federal Law,TRUE,,,
,https://law.justia.com/constitution/us/,US Constitution,TRUE,,,
,https://law.justia.com/codes/us,US Code,TRUE,,,
,https://regulations.justia.com/,Regulations,TRUE,,,
,https://supreme.justia.com/,Supreme Court,TRUE,,,
,https://law.justia.com/cases/federal/appellate-courts/,Circuit Courts,TRUE,,,
,https://law.justia.com/cases/federal/district-courts/,District Courts,TRUE,,,
,https://dockets.justia.com/,Dockets & Filings,TRUE,,,
,https://law.justia.com/us/,More...,TRUE,,,
,https://law.justia.com/us-states/,US State Law,TRUE,,,
,https://law.justia.com/us-states/,State Constitutions,TRUE,,,
,https://law.justia.com/codes/,State Codes,TRUE,,,
,https://law.justia.com/cases/,State Case Law,TRUE,,,
,https://law.justia.com/california/,California,TRUE,,,
,https://law.justia.com/florida/,Florida,TRUE,,,
,https://law.justia.com/new-york/,New York,TRUE,,,
,https://law.justia.com/texas/,Texas,TRUE,,,
,https://law.justia.com/us-states/,More...,TRUE,,,
,https://www.justia.com/,Other Databases,TRUE,,,
,https://dictionary.justia.com/,Legal Dictionary,TRUE,,,
,https://blawgsearch.justia.com/,Legal Blogs,TRUE,,,
,https://contracts.justia.com/,Business Forms,TRUE,,,
,https://recalls.justia.com/,Product Recalls,TRUE,,,
,https://patents.justia.com/,Patents,TRUE,,,
,https://trademarks.justia.com/,Trademarks,TRUE,,,
,https://www.justia.com/countries/,Countries,TRUE,,,
,https://www.justia.com/,More...,TRUE,,,
,https://www.justia.com/marketing/,Marketing Solutions,TRUE,,,
,https://www.justia.com/marketing/connect/,Justia Connect Membership,TRUE,,,
,https://www.justia.com/marketing/lawyer-directory/,Justia Lawyer Directory,TRUE,,,
,https://www.justia.com/marketing/lawyer-directory/#premium-placements,Justia Premium Placements,TRUE,,,
,https://www.justia.com/marketing/elevate/,"Justia Elevate (SEO, Websites)",TRUE,,,
,https://www.justia.com/marketing/amplify/,"Justia Amplify (PPC, GBP)",TRUE,,,
,https://onward.justia.com/,Justia Onward Blog,TRUE,,,
,https://www.justia.com/marketing/testimonials/,Testimonials,TRUE,,,
,https://www.justia.com/marketing/,More...,TRUE,,,
,https://www.facebook.com/justia,,TRUE,,,
,https://twitter.com/justiacom,,TRUE,,,
,https://www.linkedin.com/company/justia,,TRUE,,,
,https://www.youtube.com/justia,,TRUE,,,
,https://lawyers.justia.com/organization/justia-inc-16302,,TRUE,,,
,https://www.justia.com/,Justia,TRUE,,,
,https://connect.justia.com/,Justia Connect,TRUE,,,
,https://www.justia.com/,Legal Portal,TRUE,,,
,https://company.justia.com/,Company,TRUE,,,
,https://support.justia.com/,Help,TRUE,,,
,https://www.justia.com/terms-of-service/,Terms of Service,TRUE,,,
,https://www.justia.com/privacy-policy/,Privacy Policy,TRUE,,,
,https://www.justia.com/marketing/,Marketing Solutions,TRUE,,,